"film_id","title"
652,"Pajama Jawbreaker"
273,"Effect Gladiator"
51,"Balloon Homeward"
951,"Voyage Legally"
839,"Stallion Sundance"
70,"Bikini Borrowers"
350,"Garden Island"
539,"Luck Opus"
758,"Saints Bride"
278,"Elf Murder"
946,"Virtual Spoilers"
176,"Congeniality Quest"
576,"Mighty Luck"
292,"Excitement Eve"
929,"Usual Untouchables"
663,"Patient Sister"
770,"Scissorhands Slums"
22,"Amistad Midsummer"
271,"Easy Gladiator"
417,"Hills Neighbors"
764,"Saturday Lambs"
556,"Maltese Hope"
529,"Lonely Elephant"
638,"Operation Operation"
791,"Show Lord"
940,"Victory Academy"
173,"Confessions Maguire"
390,"Guys Falcon"
42,"Artist Coldblooded"
189,"Creatures Shakespeare"
876,"Tarzan Videotape"
161,"Clue Grail"
113,"California Birds"
658,"Paris Weekend"
120,"Caribbean Liberty"
578,"Million Ace"
695,"President Bang"
815,"Snatchers Montezuma"
440,"Hunger Roof"
794,"Side Ark"
57,"Basic Easy"
19,"Amadeus Holy"
160,"Club Graffiti"
644,"Oscar Gold"
824,"Spartacus Cheaper"
508,"Lambs Cincinatti"
357,"Gilbert Pelican"
769,"School Jacket"
266,"Dynamite Tarzan"
315,"Finding Anaconda"
366,"Goldfinger Sensibility"
307,"Fellowship Autumn"
841,"Star Operation"
91,"Bound Cheaper"
305,"Fatal Haunted"
54,"Banger Pinocchio"
181,"Contact Anonymous"
743,"Room Roman"
10,"Aladdin Calendar"
35,"Arachnophobia Rollercoaster"
963,"Watch Tracy"
220,"Deer Virginian"
822,"Soup Wisdom"
823,"South Wait"
400,"Hardly Robbers"
241,"Donnie Alley"
596,"Moonshine Cabin"
285,"English Bulworth"
13,"Ali Forever"
391,"Half Outfield"
487,"Jingle Sagebrush"
2,"Ace Goldfinger"
699,"Private Drop"
246,"Doubtfire Labyrinth"
75,"Bird Independence"
344,"Fury Murder"
906,"Tramp Others"
745,"Roses Treasure"
152,"Circus Youth"
534,"Louisiana Harry"
428,"Homicide Peach"
355,"Ghostbusters Elf"
637,"Open African"
747,"Roxanne Rebel"
222,"Desert Poseidon"
777,"Secretary Rouge"
164,"Coast Rainbow"
922,"Undefeated Dalmations"
787,"Shining Roses"
501,"Kissing Dolls"
750,"Run Pacific"
182,"Control Anthem"
545,"Madness Attacks"
18,"Alter Victory"
528,"Lolita World"
27,"Anonymous Human"
811,"Smile Earring"
143,"Chill Luck"
563,"Massacre Usual"
496,"Kick Savannah"
58,"Beach Heartbreakers"
228,"Detective Vision"
667,"Peach Innocent"
814,"Snatch Slipper"
668,"Peak Forever"
294,"Expecations Natural"
850,"Story Side"
481,"Jekyll Frogmen"
926,"Untouchables Sunrise"
645,"Others Soup"
438,"Human Graffiti"
382,"Grit Clockwork"
258,"Drums Dynamite"
853,"Stranger Strangers"
378,"Greatest North"
483,"Jericho Mulan"
84,"Boiled Dares"
799,"Simon North"
276,"Element Freddy"
646,"Outbreak Divine"
379,"Greedy Roots"
320,"Flamingos Connecticut"
942,"Vietnam Smoochy"
115,"Campus Remember"
97,"Bride Intrigue"
59,"Bear Graceland"
589,"Modern Dorado"
127,"Cat Coneheads"
555,"Mallrats United"
329,"Forrest Sons"
567,"Meet Chocolate"
682,"Pittsburgh Hunchback"
44,"Attacks Hate"
676,"Philadelphia Wife"
778,"Secrets Paradise"
507,"Ladybugs Armageddon"
944,"Virgin Daisy"
214,"Daughter Madigan"
847,"Stock Glass"
664,"Patriot Roman"
551,"Maiden Home"
532,"Loser Hustler"
945,"Virginian Pluto"
948,"Voice Peach"
95,"Breakfast Goldfinger"
259,"Duck Racer"
519,"Liberty Magnificent"
965,"Watership Frontier"
172,"Coneheads Smoochy"
840,"Stampede Disturbing"
30,"Anything Savannah"
521,"Lies Treatment"
3,"Adaptation Holes"
936,"Vanishing Rocky"
324,"Flintstones Happiness"
981,"Wolves Desire"
921,"Uncut Suicides"
249,"Dracula Crystal"
255,"Driving Polish"
296,"Express Lonely"
984,"Wonderful Drop"
639,"Opposite Necklace"
74,"Birch Antitrust"
937,"Varsity Trip"
868,"Superfly Trip"
418,"Hobbit Alien"
947,"Vision Torque"
978,"Wisdom Worker"
972,"Whisperer Giant"
761,"Santa Paris"
407,"Hawk Chill"
90,"Boulevard Mob"
904,"Train Bunch"
387,"Gun Bonnie"
443,"Hurricane Affair"
39,"Armageddon Lost"
690,"Pond Seattle"
526,"Lock Rear"
393,"Halloween Nuts"
524,"Lion Uncut"
312,"Fiddler Lost"
498,"Killer Innocent"
862,"Summer Scarface"
469,"Iron Moon"
494,"Karate Moon"
683,"Pity Bound"
118,"Canyon Stock"
317,"Fireball Philadelphia"
608,"Murder Antitrust"
702,"Pulp Beverly"
488,"Joon Northwest"
126,"Casualties Encino"
360,"Glass Dying"
463,"Instinct Airport"
476,"Jason Trap"
883,"Tequila Past"
629,"Notorious Reunion"
726,"Reservoir Adaptation"
374,"Graffiti Love"
224,"Desperate Trainspotting"
719,"Records Zorro"
756,"Saddle Antitrust"
933,"Vampire Whale"
647,"Outfield Massacre"
354,"Ghost Groundhog"
442,"Hunting Musketeers"
593,"Monterey Labyrinth"
12,"Alaska Phantom"
479,"Jedi Beneath"
293,"Exorcist Sting"
154,"Clash Freddy"
657,"Paradise Sabrina"
234,"Disturbing Scarface"
474,"Jade Bunch"
899,"Towers Hurricane"
935,"Vanished Garden"
675,"Phantom Glory"
748,"Rugrats Shakespeare"
696,"Pride Alamo"
969,"West Lion"
264,"Dwarfs Alter"
270,"Earth Vision"
435,"Hotel Happiness"
898,"Tourist Pelican"
384,"Grosse Wonderful"
116,"Candidate Perdition"
970,"Westward Seabiscuit"
732,"Rings Heartbreakers"
837,"Stage World"
826,"Speed Suit"
431,"Hoosiers Birdcage"
491,"Jumping Wrath"
911,"Trip Newton"
462,"Insider Arizona"
734,"Road Roxanne"
855,"Streak Ridgemont"
436,"Hours Rage"
180,"Conspiracy Spirit"
870,"Swarm Gold"
967,"Weekend Personal"
626,"Noon Papi"
263,"Durham Panky"
836,"Squad Fish"
784,"Shanghai Tycoon"
470,"Ishtar Rocketeer"
711,"Raging Airplane"
780,"Sensibility Rear"
768,"Scarface Bang"
838,"Stagecoach Armageddon"
478,"Jaws Harry"
577,"Mile Mulan"
505,"Labyrinth League"
280,"Empire Malkovich"
88,"Born Spinal"
188,"Crazy Home"
461,"Insects Stone"
240,"Dolls Rage"
328,"Forever Candidate"
717,"Rear Trading"
525,"Loathing Legally"
634,"Odds Boogie"
650,"Pacific Amistad"
703,"Punk Divorce"
226,"Destiny Saturday"
210,"Darko Dorado"
48,"Backlash Undefeated"
843,"Steel Santa"
710,"Rage Games"
447,"Ice Crossing"
298,"Eyes Driving"
800,"Sinners Atlantis"
204,"Dalmations Sweden"
456,"Inch Jet"
796,"Sierra Divide"
531,"Lose Inch"
283,"Ending Crowds"
807,"Sleuth Orient"
546,"Madre Gables"
624,"Nightmare Chill"
297,"Extraordinary Conquerer"
686,"Pluto Oleander"
681,"Pirates Roxanne"
361,"Gleaming Jawbreaker"
303,"Fantasy Troopers"
974,"Wild Apollo"
829,"Spinal Rocky"
785,"Shawshank Bubble"
472,"Italian African"
643,"Orient Closer"
444,"Hustler Party"
537,"Lover Truman"
233,"Disciple Mother"
93,"Brannigan Sunrise"
89,"Borrowers Bedazzled"
252,"Dream Pickup"
343,"Full Flatliners"
31,"Apache Divine"
723,"Reign Gentlemen"
884,"Terminator Club"
155,"Cleopatra Devil"
953,"Wait Cider"
609,"Muscle Bright"
416,"Highball Potter"
199,"Cupboard Sinners"
369,"Goodfellas Salute"
441,"Hunter Alter"
243,"Doors President"
902,"Trading Pinocchio"
740,"Rollercoaster Bringing"
892,"Titanic Boondock"
856,"Streetcar Intentions"
230,"Diary Panic"
503,"Kramer Chocolate"
78,"Blackout Private"
573,"Microcosmos Paradise"
994,"Wyoming Storm"
987,"Words Hunter"
250,"Dragon Squad"
852,"Strangelove Desire"
621,"Network Peak"
865,"Sunrise League"
106,"Bulworth Commandments"
962,"Wasteland Divine"
178,"Connection Microcosmos"
795,"Siege Madre"
809,"Slipper Fidelity"
934,"Vanilla Day"
908,"Trap Guys"
455,"Impossible Prejudice"
708,"Quills Bull"
370,"Gorgeous Bingo"
684,"Pizza Jumanji"
448,"Idaho Love"
396,"Hanging Deep"
930,"Vacation Boondock"
132,"Chainsaw Uptown"
514,"Lebowski Soldiers"
322,"Flatliners Killer"
854,"Strangers Graffiti"
389,"Gunfighter Mussolini"
916,"Turn Star"
863,"Sun Confessions"
114,"Camelot Vacation"
60,"Beast Hunchback"
754,"Rushmore Mermaid"
289,"Eve Resurrection"
518,"Liaisons Sweet"
65,"Behavior Runaway"
583,"Mission Zoolander"
693,"Potter Connecticut"
98,"Bright Encounters"
715,"Range Moonwalker"
490,"Jumanji Blade"
527,"Lola Agent"
235,"Divide Monster"
627,"North Tequila"
763,"Satisfaction Confidential"
119,"Caper Motions"
306,"Feathers Metal"
286,"Enough Raging"
376,"Grapes Fury"
147,"Chocolat Harry"
480,"Jeepers Wedding"
338,"Frisco Forrest"
358,"Gilmore Boiled"
412,"Heavyweights Beast"
989,"Working Microcosmos"
26,"Annie Identity"
564,"Massage Image"
72,"Bill Others"
535,"Love Suicides"
77,"Birds Perdition"
232,"Dirty Ace"
725,"Requiem Tycoon"
131,"Center Dinosaur"
310,"Fever Empire"
37,"Arizona Bang"
832,"Splash Gump"
907,"Translation Summer"
584,"Mixed Doors"
746,"Rouge Squad"
353,"Gentlemen Stage"
806,"Sleepy Japanese"
939,"Vertigo Northwest"
834,"Spoilers Hellfighters"
831,"Spirited Casualties"
813,"Smoochy Control"
574,"Midnight Westward"
225,"Destination Jerk"
333,"Freaky Pocus"
45,"Attraction Newton"
174,"Confidential Interview"
134,"Champion Flatliners"
891,"Timberland Sky"
918,"Twisted Pirates"
975,"Willow Tracy"
102,"Bubble Grosse"
158,"Clones Pinocchio"
533,"Lost Bird"
915,"Truman Crazy"
459,"Informer Double"
207,"Dangerous Uptown"
979,"Witches Panic"
871,"Sweden Shining"
881,"Temple Attraction"
385,"Groundhog Uncut"
492,"Jungle Closer"
544,"Madison Trap"
365,"Gold River"
704,"Pure Runner"
157,"Clockwork Paradise"
308,"Ferris Mother"
618,"Necklace Outbreak"
880,"Telemark Heartbreakers"
313,"Fidelity Devil"
140,"Cheaper Clyde"
248,"Dozen Lion"
137,"Charade Duffel"
208,"Dares Pluto"
24,"Analyze Hoosiers"
392,"Hall Cassidy"
614,"Name Detective"
191,"Crooked Frogmen"
966,"Wedding Apollo"
760,"Samurai Lion"
94,"Braveheart Human"
218,"Deceiver Betrayed"
49,"Badman Dawn"
580,"Mine Titans"
912,"Trojan Tomorrow"
846,"Sting Personal"
938,"Velvet Terminator"
184,"Core Suit"
753,"Rush Goodfellas"
477,"Jawbreaker Brooklyn"
550,"Maguire Apache"
394,"Hamlet Wisdom"
272,"Edge Kissing"
781,"Seven Swarm"
867,"Super Wyoming"
554,"Malkovich Pet"
424,"Holocaust Highball"
406,"Haunting Pianist"
670,"Pelican Comforts"
309,"Feud Frogmen"
849,"Storm Happiness"
509,"Language Cowboy"
919,"Tycoon Gathering"
156,"Clerks Angels"
932,"Valley Packer"
641,"Orange Grapes"
475,"Japanese Run"
961,"Wash Heavenly"
888,"Thin Sagebrush"
269,"Earring Instinct"
733,"River Outlaw"
261,"Duffel Apocalypse"
502,"Knock Warlock"
117,"Candles Grapes"
125,"Cassidy Wyoming"
40,"Army Flintstones"
257,"Drumline Cyclone"
700,"Prix Undefeated"
43,"Atlantis Cause"
587,"Mod Secretary"
187,"Cranes Reservoir"
349,"Gangs Pride"
914,"Trouble Date"
766,"Savannah Town"
728,"Reunion Witches"
506,"Lady Stage"
242,"Doom Dancing"
331,"Forward Temple"
599,"Mother Oleander"
677,"Pianist Outfield"
29,"Antitrust Tomatoes"
4,"Affair Prejudice"
698,"Princess Giant"
96,"Breaking Home"
466,"Intolerable Intentions"
844,"Steers Armageddon"
980,"Wizard Coldblooded"
631,"Novocaine Flight"
107,"Bunch Minds"
6,"Agent Truman"
446,"Hysterical Grail"
86,"Boogie Amelie"
749,"Rules Human"
920,"Unbreakable Karate"
219,"Deep Crusade"
363,"Go Purple"
231,"Dinosaur Secretary"
66,"Beneath Rush"
661,"Past Suicides"
512,"League Hellfighters"
340,"Frontier Cabin"
873,"Sweethearts Suspects"
523,"Lights Deer"
356,"Giant Troopers"
458,"Indian Love"
640,"Opus Ice"
368,"Gone Trouble"
735,"Robbers Joon"
538,"Loverboy Attacks"
166,"Color Philadelphia"
595,"Moon Bunch"
142,"Chicken Hellfighters"
924,"Unforgiven Zoolander"
410,"Heaven Freedom"
872,"Sweet Brotherhood"
792,"Shrek License"
896,"Tootsie Pilot"
651,"Packer Madigan"
597,"Moonwalker Fool"
193,"Crossroads Casualties"
548,"Magnificent Chitty"
730,"Ridgemont Submarine"
47,"Baby Hall"
709,"Racer Egg"
177,"Connecticut Tramp"
886,"Theory Mermaid"
727,"Resurrection Silverado"
985,"Wonderland Christmas"
810,"Slums Duck"
779,"Sense Greek"
110,"Cabin Flash"
145,"Chisum Behavior"
931,"Valentine Vanishing"
557,"Manchurian Curtain"
718,"Rebel Airport"
485,"Jersey Sassy"
229,"Devil Desire"
559,"Married Go"
304,"Fargo Gandhi"
788,"Ship Wonderland"
52,"Ballroom Mockingbird"
633,"October Submarine"
341,"Frost Head"
450,"Idols Snatchers"
900,"Town Ark"
405,"Haunted Antitrust"
170,"Command Darling"
996,"Young Language"
513,"Leathernecks Dwarfs"
101,"Brotherhood Blanket"
473,"Jacket Frisco"
69,"Beverly Outlaw"
878,"Teen Apollo"
375,"Grail Frankenstein"
415,"High Encino"
729,"Rider Caddyshack"
976,"Wind Phantom"
408,"Head Stranger"
680,"Pinocchio Simon"
782,"Shakespeare Saddle"
689,"Pollock Deliverance"
982,"Women Dorado"
522,"Life Twisted"
674,"Pet Haunting"
630,"Notting Speakeasy"
11,"Alamo Videotape"
575,"Midsummer Groundhog"
821,"Sorority Queen"
401,"Harold French"
659,"Park Citizen"
739,"Rocky War"
279,"Elizabeth Shane"
9,"Alabama Devil"
903,"Traffic Hobbit"
716,"Reap Unfaithful"
741,"Roman Punk"
543,"Madigan Dorado"
897,"Torque Bound"
736,"Robbery Bright"
565,"Matrix Snowman"
566,"Maude Mod"
85,"Bonnie Holocaust"
592,"Monster Spartacus"
281,"Encino Elf"
687,"Pocus Pulp"
553,"Maker Gables"
302,"Fantasia Park"
21,"American Circus"
288,"Escape Metropolis"
622,"Newsies Story"
927,"Uprising Uptown"
635,"Oklahoma Jumanji"
388,"Gunfight Moon"
165,"Coldblooded Darling"
56,"Barefoot Manchurian"
151,"Cincinatti Whisperer"
620,"Nemo Campus"
992,"Wrath Mile"
894,"Tomatoes Hellfighters"
245,"Double Wrath"
205,"Dances None"
67,"Berets Agent"
673,"Personal Ladybugs"
895,"Tomorrow Hustler"
783,"Shane Darkness"
484,"Jerk Paycheck"
334,"Freddy Storm"
558,"Mannequin Worst"
540,"Lucky Flying"
168,"Comancheros Enemy"
598,"Mosquito Armageddon"
471,"Island Exorcist"
287,"Entrapment Satisfaction"
167,"Coma Head"
277,"Elephant Trojan"
290,"Everyone Craft"
300,"Falcon Volume"
662,"Paths Control"
284,"Enemy Odds"
342,"Fugitive Maguire"
367,"Goldmine Tycoon"
588,"Model Fish"
439,"Hunchback Impossible"
206,"Dancing Fever"
46,"Autumn Crow"
586,"Mockingbird Hollywood"
32,"Apocalypse Flamingos"
53,"Bang Kwai"
572,"Metropolis Coma"
336,"French Holiday"
247,"Downhill Enough"
260,"Dude Blindness"
423,"Hollywood Anonymous"
136,"Chaplin License"
139,"Chasing Fight"
411,"Heavenly Gun"
869,"Suspects Quills"
864,"Sundance Invasion"
425,"Holy Tadpole"
672,"Perfect Groove"
825,"Speakeasy Date"
316,"Fire Wolves"
731,"Right Cranes"
403,"Harry Idaho"
256,"Drop Waterfront"
654,"Panky Submarine"
628,"Northwest Polish"
885,"Texas Watch"
422,"Hollow Jeopardy"
549,"Magnolia Forrester"
185,"Cowboy Doom"
653,"Panic Club"
215,"Dawn Pond"
380,"Greek Everyone"
130,"Celebrity Horn"
23,"Anaconda Confessions"
612,"Mussolini Spoilers"
486,"Jet Neighbors"
625,"None Spiking"
617,"Natural Stock"
765,"Saturn Name"
887,"Thief Pelican"
959,"Warlock Werewolf"
314,"Fight Jawbreaker"
819,"Song Hedwig"
817,"Soldiers Evolution"
426,"Home Pity"
364,"Godfather Diary"
433,"Horn Working"
877,"Taxi Kick"
299,"Factory Dragon"
169,"Comforts Rush"
92,"Bowfinger Gables"
605,"Mulholland Beast"
541,"Luke Mummy"
660,"Party Knock"
971,"Whale Bikini"
910,"Treatment Jekyll"
437,"House Dynamite"
236,"Divine Resurrection"
941,"Videotape Arsenic"
957,"War Notting"
998,"Zhivago Core"
949,"Volcano Texas"
197,"Crusade Honey"
135,"Chance Resurrection"
999,"Zoolander Fiction"
493,"Kane Exorcist"
665,"Patton Interview"
707,"Quest Mussolini"
454,"Impact Aladdin"
759,"Salute Apollo"
482,"Jeopardy Encino"
879,"Telegraph Voyage"
227,"Details Packer"
500,"Kiss Glory"
311,"Fiction Christmas"
73,"Bingo Talented"
103,"Bucket Brotherhood"
875,"Talented Homicide"
121,"Carol Texas"
239,"Dogma Family"
561,"Mask Peach"
845,"Stepmom Dream"
755,"Sabrina Midnight"
196,"Cruelty Unforgiven"
291,"Evolution Alter"
15,"Alien Center"
859,"Sugar Wonka"
842,"State Wasteland"
767,"Scalawag Duck"
61,"Beauty Grease"
244,"Dorado Notting"
602,"Mourning Purple"
691,"Poseidon Forever"
468,"Invasion Cyclone"
697,"Primary Glass"
721,"Reds Pocus"
251,"Dragonfly Strangers"
104,"Bugsy Song"
397,"Hanky October"
427,"Homeward Cider"
604,"Mulan Moon"
786,"Shepherd Midsummer"
347,"Games Bowfinger"
179,"Conquerer Nuts"
562,"Masked Bubble"
636,"Oleander Clue"
321,"Flash Wars"
105,"Bull Shawshank"
402,"Harper Dying"
804,"Sleeping Suspects"
445,"Hyde Doctor"
866,"Sunset Racer"
889,"Ties Hunger"
991,"Worst Banger"
467,"Intrigue Worst"
776,"Secret Groundhog"
327,"Fool Mockingbird"
253,"Drifter Commandments"
692,"Potluck Mixed"
581,"Minority Kiss"
109,"Butterfly Chocolat"
133,"Chamber Italian"
724,"Remember Diary"
372,"Graceland Dynamite"
339,"Frogmen Breaking"
600,"Motions Details"
772,"Sea Virgin"
335,"Freedom Cleopatra"
603,"Movie Shakespeare"
591,"Monsoon Cause"
808,"Sling Luke"
383,"Groove Fiction"
301,"Family Sweet"
757,"Sagebrush Clueless"
771,"Scorpion Apollo"
827,"Spice Sorority"
254,"Driver Annie"
377,"Grease Youth"
952,"Wagon Jaws"
159,"Closer Bang"
432,"Hope Tootsie"
986,"Wonka Sea"
857,"Strictly Scarface"
890,"Tights Dawn"
20,"Amelie Hellfighters"
319,"Fish Opus"
1,"Academy Dinosaur"
76,"Birdcage Casper"
517,"Lesson Cleopatra"
129,"Cause Date"
203,"Daisy Menagerie"
789,"Shock Cabin"
346,"Galaxy Sweethearts"
71,"Bilko Anonymous"
267,"Eagles Panky"
773,"Seabiscuit Punk"
146,"Chitty Lock"
80,"Blanket Beverly"
861,"Suit Walls"
162,"Clueless Bucket"
738,"Rocketeer Mother"
797,"Silence Kane"
582,"Miracle Virtual"
330,"Forrester Comancheros"
237,"Divorce Shining"
751,"Runaway Tenenbaums"
262,"Dumbo Lust"
451,"Igby Maker"
323,"Flight Lies"
348,"Gandhi Kwai"
337,"Frida Slipper"
504,"Kwai Homeward"
238,"Doctor Grail"
399,"Happiness United"
112,"Calendar Gunfight"
560,"Mars Roman"
547,"Magic Mallrats"
818,"Something Duck"
268,"Early Home"
613,"Mystic Truman"
737,"Rock Instinct"
569,"Menagerie Rushmore"
124,"Casper Dragonfly"
452,"Illusion Amelie"
798,"Silverado Goldfinger"
830,"Spirit Flintstones"
200,"Curtain Videotape"
988,"Worker Tarzan"
964,"Waterfront Deliverance"
601,"Moulin Wake"
590,"Money Harold"
82,"Blood Argonauts"
990,"World Leathernecks"
202,"Daddy Pittsburgh"
685,"Platoon Instinct"
905,"Trainspotting Strangers"
973,"Wife Turn"
610,"Music Boondock"
79,"Blade Polish"
678,"Pickup Driving"
812,"Smoking Barbarella"
579,"Minds Truman"
510,"Lawless Vision"
17,"Alone Trip"
212,"Darn Forrester"
720,"Redemption Comforts"
917,"Tuxedo Mile"
997,"Youth Kick"
489,"Juggler Hardly"
515,"Legally Secretary"
1000,"Zorro Ark"
616,"National Story"
83,"Blues Instinct"
706,"Queen Luke"
63,"Bedazzled Married"
516,"Legend Jedi"
571,"Metal Armageddon"
216,"Day Unfaithful"
542,"Lust Lock"
956,"Wanda Chamber"
666,"Paycheck Wait"
395,"Handicap Boondock"
882,"Tenenbaums Command"
958,"Wardrobe Phantom"
295,"Expendable Stallion"
213,"Date Speed"
694,"Prejudice Oleander"
274,"Egg Igby"
163,"Clyde Theory"
223,"Desire Alien"
833,"Splendor Patton"
352,"Gathering Calendar"
362,"Glory Tracy"
752,"Runner Madigan"
594,"Montezuma Command"
460,"Innocent Usual"
499,"King Evolution"
265,"Dying Maker"
111,"Caddyshack Jedi"
851,"Straight Hours"
968,"Werewolf Lola"
16,"Alley Evolution"
62,"Bed Highball"
893,"Titans Jerk"
326,"Flying Hook"
993,"Wrong Behavior"
568,"Memento Zoolander"
371,"Gosford Donnie"
655,"Panther Reds"
413,"Hedwig Alter"
649,"Oz Liaisons"
183,"Conversation Downhill"
100,"Brooklyn Desert"
925,"United Pilot"
150,"Cider Desire"
656,"Papi Necklace"
421,"Holiday Games"
429,"Honey Ties"
25,"Angels Life"
835,"Spy Mile"
141,"Chicago North"
122,"Carrie Bunch"
648,"Outlaw Hanky"
923,"Unfaithful Kill"
434,"Horror Reign"
995,"Yentl Idaho"
211,"Darling Breaking"
901,"Tracy Cider"
530,"Lord Arizona"
928,"Uptown Young"
449,"Identity Lover"
520,"License Weekend"
64,"Beethoven Exorcist"
55,"Barbarella Streetcar"
790,"Shootist Superfly"
828,"Spiking Element"
